{"LabelName": "Entity","Subcategory": [{"LabelName": "Coin"},{"LabelName": "Flag"},{"LabelName": "Light bulb"},{"LabelName": "Toy","Subcategory": [{"LabelName": "Doll"},{"LabelName": "Balloon"},{"LabelName": "Dice"},{"LabelName": "Flying disc"},{"LabelName": "Kite"},{"LabelName": "Teddy bear"}]},{"LabelName": "Home appliance","Subcategory": [{"LabelName": "Washing machine"},{"LabelName": "Toaster"},{"LabelName": "Oven"},{"LabelName": "Blender"},{"LabelName": "Gas stove"},{"LabelName": "Mechanical fan"},{"LabelName": "Heater"},{"LabelName": "Kettle"},{"LabelName": "Hair dryer"},{"LabelName": "Refrigerator"},{"LabelName": "Wood-burning stove"},{"LabelName": "Humidifier"},{"LabelName": "Mixer"},{"LabelName": "Coffeemaker"},{"LabelName": "Microwave oven"},{"LabelName": "Dishwasher"},{"LabelName": "Sewing machine"},{"LabelName": "Hand dryer"},{"LabelName": "Ceiling fan"}]},{"LabelName": "Plumbing fixture","Subcategory": [{"LabelName": "Sink"},{"LabelName": "Bidet"},{"LabelName": "Shower"},{"LabelName": "Tap"},{"LabelName": "Bathtub"},{"LabelName": "Toilet"}]},{"LabelName": "Office supplies","Subcategory": [{"LabelName": "Scissors"},{"LabelName": "Poster"},{"LabelName": "Calculator"},{"LabelName": "Box"},{"LabelName": "Stapler"},{"LabelName": "Whiteboard"},{"LabelName": "Pencil sharpener"},{"LabelName": "Eraser"},{"LabelName": "Fax"},{"LabelName": "Adhesive tape"},{"LabelName": "Ring binder"},{"LabelName": "Pencil case"},{"LabelName": "Plastic bag"},{"LabelName": "Paper cutter"},{"LabelName": "Toilet paper"},{"LabelName": "Envelope"},{"LabelName": "Pen"}]},{"LabelName": "Paper towel"},{"LabelName": "Pillow"},{"LabelName": "Kitchenware","Subcategory": [{"LabelName": "Kitchen utensil","Subcategory": [{"LabelName": "Chopsticks"},{"LabelName": "Ladle"},{"LabelName": "Spatula"},{"LabelName": "Can opener"},{"LabelName": "Cutting board"},{"LabelName": "Whisk"},{"LabelName": "Drinking straw"},{"LabelName": "Knife"},{"LabelName": "Bottle opener"},{"LabelName": "Measuring cup"},{"LabelName": "Pizza cutter"},{"LabelName": "Spoon"},{"LabelName": "Fork"}]},{"LabelName": "Tableware","Subcategory": [{"LabelName": "Chopsticks"},{"LabelName": "Teapot"},{"LabelName": "Mug"},{"LabelName": "Coffee cup"},{"LabelName": "Salt and pepper shakers"},{"LabelName": "Mixing bowl"},{"LabelName": "Saucer"},{"LabelName": "Cocktail shaker"},{"LabelName": "Bottle"},{"LabelName": "Bowl"},{"LabelName": "Plate"},{"LabelName": "Pitcher (Container)"},{"LabelName": "Kitchen knife"},{"LabelName": "Jug"},{"LabelName": "Platter"},{"LabelName": "Wine glass"},{"LabelName": "Spoon"},{"LabelName": "Fork"},{"LabelName": "Serving tray"},{"LabelName": "Cake stand"}]},{"LabelName": "Frying pan"},{"LabelName": "Wok"},{"LabelName": "Spice rack"},{"LabelName": "Kitchen appliance","Subcategory": [{"LabelName": "Oven"},{"LabelName": "Blender"},{"LabelName": "Slow cooker"},{"LabelName": "Food processor"},{"LabelName": "Refrigerator"},{"LabelName": "Waffle iron"},{"LabelName": "Mixer"},{"LabelName": "Coffeemaker"},{"LabelName": "Microwave oven"},{"LabelName": "Pressure cooker"},{"LabelName": "Dishwasher"}]}]},{"LabelName": "Fireplace"},{"LabelName": "Countertop"},{"LabelName": "Book"},{"LabelName": "Furniture","Subcategory": [{"LabelName": "Chair"},{"LabelName": "Cabinetry"},{"LabelName": "Desk"},{"LabelName": "Wine rack"},{"LabelName": "Couch","Subcategory": [{"LabelName": "Sofa bed"},{"LabelName": "Loveseat"}]},{"LabelName": "Wardrobe"},{"LabelName": "Nightstand"},{"LabelName": "Bookcase"},{"LabelName": "Bed","Subcategory": [{"LabelName": "Infant bed"},{"LabelName": "Studio couch"}]},{"LabelName": "Filing cabinet"},{"LabelName": "Table","Subcategory": [{"LabelName": "Coffee table"},{"LabelName": "Kitchen & dining room table"}]},{"LabelName": "Chest of drawers"},{"LabelName": "Cupboard"},{"LabelName": "Bench"},{"LabelName": "Drawer"},{"LabelName": "Stool"},{"LabelName": "Shelf"},{"LabelName": "Wall clock"},{"LabelName": "Bathroom cabinet"},{"LabelName": "Closet"}]},{"LabelName": "Dog bed"},{"LabelName": "Cat furniture"},{"LabelName": "Lantern"},{"LabelName": "Clock","Subcategory": [{"LabelName": "Alarm clock"},{"LabelName": "Digital clock"},{"LabelName": "Wall clock"}]},{"LabelName": "Vase"},{"LabelName": "Window blind"},{"LabelName": "Curtain"},{"LabelName": "Mirror"},{"LabelName": "Sculpture","Subcategory": [{"LabelName": "Snowman"},{"LabelName": "Bust"},{"LabelName": "Bronze sculpture"}]},{"LabelName": "Picture frame"},{"LabelName": "Candle"},{"LabelName": "Lamp"},{"LabelName": "Bathroom accessory","Subcategory": [{"LabelName": "Towel"},{"LabelName": "Toilet paper"},{"LabelName": "Soap dispenser"},{"LabelName": "Facial tissue holder"}]},{"LabelName": "Beehive"},{"LabelName": "Tent"},{"LabelName": "Parking meter"},{"LabelName": "Traffic light"},{"LabelName": "Billboard"},{"LabelName": "Traffic sign","Subcategory": [{"LabelName": "Stop sign"}]},{"LabelName": "Fire hydrant"},{"LabelName": "Fountain"},{"LabelName": "Street light"},{"LabelName": "Jacuzzi"},{"LabelName": "Building","Part": [{"LabelName": "Medical equipment","Subcategory": [{"LabelName": "Syringe"},{"LabelName": "Stretcher"},{"LabelName": "Stethoscope"},{"LabelName": "Band-aid"}]},{"LabelName": "Musical instrument","Subcategory": [{"LabelName": "Organ (Musical Instrument)"},{"LabelName": "Banjo"},{"LabelName": "Cello"},{"LabelName": "Drum"},{"LabelName": "French horn"},{"LabelName": "Guitar"},{"LabelName": "Harp"},{"LabelName": "Harpsichord"},{"LabelName": "Harmonica"},{"LabelName": "Musical keyboard"},{"LabelName": "Oboe"},{"LabelName": "Piano"},{"LabelName": "Saxophone"},{"LabelName": "Trombone"},{"LabelName": "Trumpet"},{"LabelName": "Violin"},{"LabelName": "Chime"},{"LabelName": "Flute"},{"LabelName": "Accordion"},{"LabelName": "Maracas"}]},{"LabelName": "Sports equipment","Subcategory": [{"LabelName": "Paddle"},{"LabelName": "Ball","Subcategory": [{"LabelName": "Football"},{"LabelName": "Cricket ball"},{"LabelName": "Volleyball (Ball)"},{"LabelName": "Tennis ball"},{"LabelName": "Rugby ball"}]},{"LabelName": "Bicycle","Part": [{"LabelName": "Bicycle wheel"}]},{"LabelName": "Surfboard"},{"LabelName": "Bow and arrow"},{"LabelName": "Hiking equipment"},{"LabelName": "Roller skates"},{"LabelName": "Flying disc"},{"LabelName": "Baseball bat"},{"LabelName": "Baseball glove"},{"LabelName": "Punching bag"},{"LabelName": "Golf ball"},{"LabelName": "Personal flotation device"},{"LabelName": "Scoreboard"},{"LabelName": "Snowboard"},{"LabelName": "Skateboard"},{"LabelName": "Ski"},{"LabelName": "Bowling equipment"},{"LabelName": "Dumbbell"},{"LabelName": "Stationary bicycle"},{"LabelName": "Treadmill"},{"LabelName": "Training bench"},{"LabelName": "Indoor rower"},{"LabelName": "Horizontal bar"},{"LabelName": "Parachute"},{"LabelName": "Racket","Subcategory": [{"LabelName": "Tennis racket"},{"LabelName": "Table tennis racket"}]},{"LabelName": "Balance beam"},{"LabelName": "Helmet","Subcategory": [{"LabelName": "Bicycle helmet"},{"LabelName": "Football helmet"}]},{"LabelName": "Billiard table"}]},{"LabelName": "Tool","Subcategory": [{"LabelName": "Container","Subcategory": [{"LabelName": "Tin can"},{"LabelName": "Barrel"},{"LabelName": "Bottle"},{"LabelName": "Picnic basket"},{"LabelName": "Jug"},{"LabelName": "Waste container"},{"LabelName": "Beaker"},{"LabelName": "Flowerpot"}]},{"LabelName": "Ladder"},{"LabelName": "Toothbrush"},{"LabelName": "Screwdriver"},{"LabelName": "Drill (Tool)"},{"LabelName": "Chainsaw"},{"LabelName": "Wrench"},{"LabelName": "Flashlight"},{"LabelName": "Scissors"},{"LabelName": "Ratchet (Device)"},{"LabelName": "Kitchen utensil","Subcategory": [{"LabelName": "Chopsticks"},{"LabelName": "Ladle"},{"LabelName": "Spatula"},{"LabelName": "Can opener"},{"LabelName": "Cutting board"},{"LabelName": "Whisk"},{"LabelName": "Drinking straw"},{"LabelName": "Knife"},{"LabelName": "Bottle opener"},{"LabelName": "Measuring cup"},{"LabelName": "Pizza cutter"},{"LabelName": "Spoon"},{"LabelName": "Fork"}]},{"LabelName": "Hammer"},{"LabelName": "Scale"},{"LabelName": "Snowplow"},{"LabelName": "Nail (Construction)"},{"LabelName": "Tripod"},{"LabelName": "Torch"},{"LabelName": "Chisel"},{"LabelName": "Axe"},{"LabelName": "Camera"},{"LabelName": "Grinder"},{"LabelName": "Ruler"},{"LabelName": "Binoculars"}]},{"LabelName": "Weapon","Subcategory": [{"LabelName": "Bow and arrow"},{"LabelName": "Cannon"},{"LabelName": "Dagger"},{"LabelName": "Knife"},{"LabelName": "Rifle"},{"LabelName": "Shotgun"},{"LabelName": "Tank"},{"LabelName": "Axe"},{"LabelName": "Handgun"},{"LabelName": "Sword"},{"LabelName": "Missile"},{"LabelName": "Bomb"}]},{"LabelName": "Cassette deck"},{"LabelName": "Headphones"},{"LabelName": "Laptop"},{"LabelName": "Computer keyboard"},{"LabelName": "Printer"},{"LabelName": "Computer mouse"},{"LabelName": "Computer monitor"},{"LabelName": "Power plugs and sockets"},{"LabelName": "Light switch"},{"LabelName": "Musical keyboard"},{"LabelName": "Television"},{"LabelName": "Telephone","Subcategory": [{"LabelName": "Mobile phone"},{"LabelName": "Corded phone"}]},{"LabelName": "Tablet computer"},{"LabelName": "Microphone"},{"LabelName": "Ipod"},{"LabelName": "Remote control"}],"Subcategory": [{"LabelName": "Tree house"},{"LabelName": "Lighthouse"},{"LabelName": "Skyscraper"},{"LabelName": "Castle"},{"LabelName": "Tower"},{"LabelName": "House"},{"LabelName": "Office building"},{"LabelName": "Convenience store"}]},{"LabelName": "Swimming pool"},{"LabelName": "Person","Part": [{"LabelName": "Human body","Part": [{"LabelName": "Human eye"},{"LabelName": "Skull"},{"LabelName": "Human head"},{"LabelName": "Human face"},{"LabelName": "Human mouth"},{"LabelName": "Human ear"},{"LabelName": "Human nose"},{"LabelName": "Human hair"},{"LabelName": "Human hand"},{"LabelName": "Human foot"},{"LabelName": "Human arm"},{"LabelName": "Human leg"},{"LabelName": "Human beard"}]}],"Subcategory": [{"LabelName": "Man"},{"LabelName": "Woman"},{"LabelName": "Boy"},{"LabelName": "Girl"}]},{"LabelName": "Food","Subcategory": [{"LabelName": "Fast food","Subcategory": [{"LabelName": "Hot dog"},{"LabelName": "French fries"}]},{"LabelName": "Waffle"},{"LabelName": "Pancake"},{"LabelName": "Burrito"},{"LabelName": "Snack","Subcategory": [{"LabelName": "Pretzel"},{"LabelName": "Popcorn"},{"LabelName": "Cookie"}]},{"LabelName": "Dessert","Subcategory": [{"LabelName": "Muffin"},{"LabelName": "Cookie"},{"LabelName": "Ice cream"},{"LabelName": "Cake"},{"LabelName": "Candy"}]},{"LabelName": "Guacamole"},{"LabelName": "Fruit","Subcategory": [{"LabelName": "Apple"},{"LabelName": "Grape"},{"LabelName": "Common fig"},{"LabelName": "Pear"},{"LabelName": "Strawberry"},{"LabelName": "Tomato"},{"LabelName": "Lemon"},{"LabelName": "Banana"},{"LabelName": "Orange"},{"LabelName": "Peach"},{"LabelName": "Mango"},{"LabelName": "Pineapple"},{"LabelName": "Grapefruit"},{"LabelName": "Pomegranate"},{"LabelName": "Watermelon"},{"LabelName": "Cantaloupe"}]},{"LabelName": "Egg (Food)"},{"LabelName": "Baked goods","Subcategory": [{"LabelName": "Pretzel"},{"LabelName": "Bagel"},{"LabelName": "Muffin"},{"LabelName": "Cookie"},{"LabelName": "Bread"},{"LabelName": "Pastry","Subcategory": [{"LabelName": "Doughnut"},{"LabelName": "Croissant"},{"LabelName": "Tart"}]}]},{"LabelName": "Mushroom"},{"LabelName": "Pasta"},{"LabelName": "Pizza"},{"LabelName": "Seafood","Subcategory": [{"LabelName": "Squid"},{"LabelName": "Shellfish","Subcategory": [{"LabelName": "Oyster"},{"LabelName": "Lobster"},{"LabelName": "Shrimp"},{"LabelName": "Crab"}]}]},{"LabelName": "Taco"},{"LabelName": "Cooking spray"},{"LabelName": "Vegetable","Subcategory": [{"LabelName": "Cucumber"},{"LabelName": "Radish"},{"LabelName": "Artichoke"},{"LabelName": "Potato"},{"LabelName": "Tomato"},{"LabelName": "Garden Asparagus"},{"LabelName": "Squash (Plant)","Subcategory": [{"LabelName": "Pumpkin"},{"LabelName": "Zucchini"}]},{"LabelName": "Cabbage"},{"LabelName": "Carrot"},{"LabelName": "Salad"},{"LabelName": "Broccoli"},{"LabelName": "Bell pepper"},{"LabelName": "Winter melon"}]},{"LabelName": "Honeycomb"},{"LabelName": "Sandwich","Subcategory": [{"LabelName": "Hamburger"},{"LabelName": "Submarine sandwich"}]},{"LabelName": "Dairy Product","Subcategory": [{"LabelName": "Cheese"},{"LabelName": "Milk"}]},{"LabelName": "Sushi"}]},{"LabelName": "Plant","Subcategory": [{"LabelName": "Houseplant"},{"LabelName": "Tree","Subcategory": [{"LabelName": "Christmas tree"},{"LabelName": "Palm tree"},{"LabelName": "Maple"},{"LabelName": "Willow"}]},{"LabelName": "Flower","Subcategory": [{"LabelName": "Lavender (Plant)"},{"LabelName": "Rose"},{"LabelName": "Common sunflower"},{"LabelName": "Lily"}]}]},{"LabelName": "Vehicle","Subcategory": [{"LabelName": "Land vehicle","Part": [{"LabelName": "Auto part","Subcategory": [{"LabelName": "Vehicle registration plate"},{"LabelName": "Wheel"},{"LabelName": "Seat belt"},{"LabelName": "Tire"}]}],"Subcategory": [{"LabelName": "Ambulance"},{"LabelName": "Cart"},{"LabelName": "Bicycle","Part": [{"LabelName": "Bicycle wheel"}]},{"LabelName": "Bus"},{"LabelName": "Snowmobile"},{"LabelName": "Golf cart"},{"LabelName": "Motorcycle"},{"LabelName": "Segway"},{"LabelName": "Tank"},{"LabelName": "Train"},{"LabelName": "Truck"},{"LabelName": "Unicycle"},{"LabelName": "Car","Subcategory": [{"LabelName": "Limousine"},{"LabelName": "Van"}]},{"LabelName": "Taxi"},{"LabelName": "Wheelchair"}]},{"LabelName": "Watercraft","Subcategory": [{"LabelName": "Boat","Subcategory": [{"LabelName": "Barge"},{"LabelName": "Gondola"},{"LabelName": "Canoe"}]},{"LabelName": "Jet ski"},{"LabelName": "Submarine"}]},{"LabelName": "Aircraft","Subcategory": [{"LabelName": "Helicopter"},{"LabelName": "Airplane"},{"LabelName": "Rocket"}]}]},{"LabelName": "Clothing","Subcategory": [{"LabelName": "Shorts"},{"LabelName": "Dress"},{"LabelName": "Swimwear"},{"LabelName": "Brassiere"},{"LabelName": "Tiara"},{"LabelName": "Shirt"},{"LabelName": "Coat"},{"LabelName": "Suit"},{"LabelName": "Hat","Subcategory": [{"LabelName": "Cowboy hat"},{"LabelName": "Fedora"},{"LabelName": "Sombrero"},{"LabelName": "Sun hat"}]},{"LabelName": "Scarf"},{"LabelName": "Skirt","Subcategory": [{"LabelName": "Miniskirt"}]},{"LabelName": "Jacket"},{"LabelName": "Fashion accessory","Subcategory": [{"LabelName": "Glove","Subcategory": [{"LabelName": "Baseball glove"}]},{"LabelName": "Belt"},{"LabelName": "Sunglasses"},{"LabelName": "Tiara"},{"LabelName": "Necklace"},{"LabelName": "Sock"},{"LabelName": "Earrings"},{"LabelName": "Tie"},{"LabelName": "Goggles"},{"LabelName": "Hat","Subcategory": [{"LabelName": "Cowboy hat"},{"LabelName": "Fedora"},{"LabelName": "Sombrero"},{"LabelName": "Sun hat"}]},{"LabelName": "Scarf"},{"LabelName": "Handbag"},{"LabelName": "Watch"},{"LabelName": "Umbrella"},{"LabelName": "Glasses"},{"LabelName": "Crown"}]},{"LabelName": "Swim cap"},{"LabelName": "Trousers","Subcategory": [{"LabelName": "Jeans"}]},{"LabelName": "Footwear","Subcategory": [{"LabelName": "Roller skates"},{"LabelName": "Boot"},{"LabelName": "High heels"},{"LabelName": "Sandal"}]},{"LabelName": "Sports uniform"},{"LabelName": "Luggage and bags","Subcategory": [{"LabelName": "Backpack"},{"LabelName": "Suitcase"},{"LabelName": "Briefcase"},{"LabelName": "Handbag"}]},{"LabelName": "Helmet","Subcategory": [{"LabelName": "Bicycle helmet"},{"LabelName": "Football helmet"}]}]},{"LabelName": "Animal","Subcategory": [{"LabelName": "Bird","Subcategory": [{"LabelName": "Magpie"},{"LabelName": "Woodpecker"},{"LabelName": "Blue jay"},{"LabelName": "Ostrich"},{"LabelName": "Penguin"},{"LabelName": "Raven"},{"LabelName": "Chicken"},{"LabelName": "Eagle"},{"LabelName": "Owl"},{"LabelName": "Duck"},{"LabelName": "Canary"},{"LabelName": "Goose"},{"LabelName": "Swan"},{"LabelName": "Falcon"},{"LabelName": "Parrot"},{"LabelName": "Sparrow"},{"LabelName": "Turkey"}]},{"LabelName": "Invertebrate","Subcategory": [{"LabelName": "Tick"},{"LabelName": "Centipede"},{"LabelName": "Marine invertebrates","Subcategory": [{"LabelName": "Starfish"},{"LabelName": "Isopod"},{"LabelName": "Squid"},{"LabelName": "Lobster"},{"LabelName": "Jellyfish"},{"LabelName": "Shrimp"},{"LabelName": "Crab"}]},{"LabelName": "Insect","Subcategory": [{"LabelName": "Bee"},{"LabelName": "Beetle","Subcategory": [{"LabelName": "Ladybug"}]},{"LabelName": "Ant"},{"LabelName": "Moths and butterflies","Subcategory": [{"LabelName": "Caterpillar"},{"LabelName": "Butterfly"}]},{"LabelName": "Dragonfly"}]},{"LabelName": "Scorpion"},{"LabelName": "Worm"},{"LabelName": "Spider"},{"LabelName": "Oyster"},{"LabelName": "Snail"}]},{"LabelName": "Mammal","Subcategory": [{"LabelName": "Bat (Animal)"},{"LabelName": "Carnivore","Subcategory": [{"LabelName": "Bear","Subcategory": [{"LabelName": "Brown bear"},{"LabelName": "Panda"},{"LabelName": "Polar bear"},{"LabelName": "Teddy bear"}]},{"LabelName": "Cat"},{"LabelName": "Fox"},{"LabelName": "Jaguar (Animal)"},{"LabelName": "Lynx"},{"LabelName": "Red panda"},{"LabelName": "Tiger"},{"LabelName": "Lion"},{"LabelName": "Dog"},{"LabelName": "Leopard"},{"LabelName": "Cheetah"},{"LabelName": "Otter"},{"LabelName": "Raccoon"}]},{"LabelName": "Camel"},{"LabelName": "Cattle"},{"LabelName": "Giraffe"},{"LabelName": "Rhinoceros"},{"LabelName": "Goat"},{"LabelName": "Horse"},{"LabelName": "Hamster"},{"LabelName": "Kangaroo"},{"LabelName": "Koala"},{"LabelName": "Mouse"},{"LabelName": "Pig"},{"LabelName": "Rabbit"},{"LabelName": "Squirrel"},{"LabelName": "Sheep"},{"LabelName": "Zebra"},{"LabelName": "Monkey"},{"LabelName": "Hippopotamus"},{"LabelName": "Deer"},{"LabelName": "Elephant"},{"LabelName": "Porcupine"},{"LabelName": "Hedgehog"},{"LabelName": "Bull"},{"LabelName": "Antelope"},{"LabelName": "Mule"},{"LabelName": "Marine mammal","Subcategory": [{"LabelName": "Dolphin"},{"LabelName": "Whale"},{"LabelName": "Sea lion"},{"LabelName": "Harbor seal"}]},{"LabelName": "Skunk"},{"LabelName": "Alpaca"},{"LabelName": "Armadillo"}]},{"LabelName": "Reptile","Subcategory": [{"LabelName": "Dinosaur"},{"LabelName": "Lizard"},{"LabelName": "Snake"},{"LabelName": "Turtle","Subcategory": [{"LabelName": "Tortoise"},{"LabelName": "Sea turtle"}]},{"LabelName": "Crocodile"},{"LabelName": "Frog"}]},{"LabelName": "Fish","Subcategory": [{"LabelName": "Goldfish"},{"LabelName": "Shark"},{"LabelName": "Rays and skates"},{"LabelName": "Seahorse"}]},{"LabelName": "Shellfish","Subcategory": [{"LabelName": "Oyster"},{"LabelName": "Lobster"},{"LabelName": "Shrimp"},{"LabelName": "Crab"}]}]},{"LabelName": "Cosmetics","Subcategory": [{"LabelName": "Face powder"},{"LabelName": "Hair spray"},{"LabelName": "Lipstick"},{"LabelName": "Perfume"}]},{"LabelName": "Personal care","Subcategory": [{"LabelName": "Toothbrush"},{"LabelName": "Sunglasses"},{"LabelName": "Goggles"},{"LabelName": "Crutch"},{"LabelName": "Cream"},{"LabelName": "Diaper"},{"LabelName": "Glasses"},{"LabelName": "Wheelchair"}]},{"LabelName": "Medical equipment","Subcategory": [{"LabelName": "Syringe"},{"LabelName": "Stretcher"},{"LabelName": "Stethoscope"},{"LabelName": "Band-aid"}]},{"LabelName": "Musical instrument","Subcategory": [{"LabelName": "Organ (Musical Instrument)"},{"LabelName": "Banjo"},{"LabelName": "Cello"},{"LabelName": "Drum"},{"LabelName": "French horn"},{"LabelName": "Guitar"},{"LabelName": "Harp"},{"LabelName": "Harpsichord"},{"LabelName": "Harmonica"},{"LabelName": "Musical keyboard"},{"LabelName": "Oboe"},{"LabelName": "Piano"},{"LabelName": "Saxophone"},{"LabelName": "Trombone"},{"LabelName": "Trumpet"},{"LabelName": "Violin"},{"LabelName": "Chime"},{"LabelName": "Flute"},{"LabelName": "Accordion"},{"LabelName": "Maracas"}]},{"LabelName": "Sports equipment","Subcategory": [{"LabelName": "Paddle"},{"LabelName": "Ball","Subcategory": [{"LabelName": "Football"},{"LabelName": "Cricket ball"},{"LabelName": "Volleyball (Ball)"},{"LabelName": "Tennis ball"},{"LabelName": "Rugby ball"}]},{"LabelName": "Bicycle","Part": [{"LabelName": "Bicycle wheel"}]},{"LabelName": "Surfboard"},{"LabelName": "Bow and arrow"},{"LabelName": "Hiking equipment"},{"LabelName": "Roller skates"},{"LabelName": "Flying disc"},{"LabelName": "Baseball bat"},{"LabelName": "Baseball glove"},{"LabelName": "Punching bag"},{"LabelName": "Golf ball"},{"LabelName": "Personal flotation device"},{"LabelName": "Scoreboard"},{"LabelName": "Snowboard"},{"LabelName": "Skateboard"},{"LabelName": "Ski"},{"LabelName": "Bowling equipment"},{"LabelName": "Dumbbell"},{"LabelName": "Stationary bicycle"},{"LabelName": "Treadmill"},{"LabelName": "Training bench"},{"LabelName": "Indoor rower"},{"LabelName": "Horizontal bar"},{"LabelName": "Parachute"},{"LabelName": "Racket","Subcategory": [{"LabelName": "Tennis racket"},{"LabelName": "Table tennis racket"}]},{"LabelName": "Balance beam"},{"LabelName": "Helmet","Subcategory": [{"LabelName": "Bicycle helmet"},{"LabelName": "Football helmet"}]},{"LabelName": "Billiard table"}]},{"LabelName": "Tool","Subcategory": [{"LabelName": "Container","Subcategory": [{"LabelName": "Tin can"},{"LabelName": "Barrel"},{"LabelName": "Bottle"},{"LabelName": "Picnic basket"},{"LabelName": "Jug"},{"LabelName": "Waste container"},{"LabelName": "Beaker"},{"LabelName": "Flowerpot"}]},{"LabelName": "Ladder"},{"LabelName": "Toothbrush"},{"LabelName": "Screwdriver"},{"LabelName": "Drill (Tool)"},{"LabelName": "Chainsaw"},{"LabelName": "Wrench"},{"LabelName": "Flashlight"},{"LabelName": "Scissors"},{"LabelName": "Ratchet (Device)"},{"LabelName": "Kitchen utensil","Subcategory": [{"LabelName": "Chopsticks"},{"LabelName": "Ladle"},{"LabelName": "Spatula"},{"LabelName": "Can opener"},{"LabelName": "Cutting board"},{"LabelName": "Whisk"},{"LabelName": "Drinking straw"},{"LabelName": "Knife"},{"LabelName": "Bottle opener"},{"LabelName": "Measuring cup"},{"LabelName": "Pizza cutter"},{"LabelName": "Spoon"},{"LabelName": "Fork"}]},{"LabelName": "Hammer"},{"LabelName": "Scale"},{"LabelName": "Snowplow"},{"LabelName": "Nail (Construction)"},{"LabelName": "Tripod"},{"LabelName": "Torch"},{"LabelName": "Chisel"},{"LabelName": "Axe"},{"LabelName": "Camera"},{"LabelName": "Grinder"},{"LabelName": "Ruler"},{"LabelName": "Binoculars"}]},{"LabelName": "Weapon","Subcategory": [{"LabelName": "Bow and arrow"},{"LabelName": "Cannon"},{"LabelName": "Dagger"},{"LabelName": "Knife"},{"LabelName": "Rifle"},{"LabelName": "Shotgun"},{"LabelName": "Tank"},{"LabelName": "Axe"},{"LabelName": "Handgun"},{"LabelName": "Sword"},{"LabelName": "Missile"},{"LabelName": "Bomb"}]},{"LabelName": "Cassette deck"},{"LabelName": "Headphones"},{"LabelName": "Laptop"},{"LabelName": "Computer keyboard"},{"LabelName": "Printer"},{"LabelName": "Computer mouse"},{"LabelName": "Computer monitor"},{"LabelName": "Power plugs and sockets"},{"LabelName": "Light switch"},{"LabelName": "Television"},{"LabelName": "Telephone","Subcategory": [{"LabelName": "Mobile phone"},{"LabelName": "Corded phone"}]},{"LabelName": "Tablet computer"},{"LabelName": "Microphone"},{"LabelName": "Ipod"},{"LabelName": "Remote control"},{"LabelName": "Drink","Subcategory": [{"LabelName": "Beer"},{"LabelName": "Cocktail"},{"LabelName": "Coffee"},{"LabelName": "Juice"},{"LabelName": "Tea"},{"LabelName": "Wine"}]},{"LabelName": "Bicycle wheel"},{"LabelName": "Door handle"},{"LabelName": "Door","Part": [{"LabelName": "Door handle"}]},{"LabelName": "Window"},{"LabelName": "Stairs"},{"LabelName": "Porch"},{"LabelName": "Human eye"},{"LabelName": "Skull"},{"LabelName": "Human head"},{"LabelName": "Human face"},{"LabelName": "Human mouth"},{"LabelName": "Human ear"},{"LabelName": "Human nose"},{"LabelName": "Human hair"},{"LabelName": "Human hand"},{"LabelName": "Human foot"},{"LabelName": "Human arm"},{"LabelName": "Human leg"},{"LabelName": "Human beard"},{"LabelName": "Human body","Part": [{"LabelName": "Human eye"},{"LabelName": "Skull"},{"LabelName": "Human head"},{"LabelName": "Human face"},{"LabelName": "Human mouth"},{"LabelName": "Human ear"},{"LabelName": "Human nose"},{"LabelName": "Human hair"},{"LabelName": "Human hand"},{"LabelName": "Human foot"},{"LabelName": "Human arm"},{"LabelName": "Human leg"},{"LabelName": "Human beard"}]},{"LabelName": "Auto part","Subcategory": [{"LabelName": "Vehicle registration plate"},{"LabelName": "Wheel"},{"LabelName": "Seat belt"},{"LabelName": "Tire"}]},{"LabelName": "Coconut"}]}